medicine_name,department
Timolol Eye Drops,Ophthalmology
Timolol Ophthalmic Solution,Ophthalmology
Timolol Eye Ointment,Ophthalmology
Timolol Ophthalmic Gel,Ophthalmology
Timolol Ophthalmic Suspension,Ophthalmology
Timolol Intravitreal Injection,Ophthalmology
Timolol 0.005% Eye Drops,Ophthalmology
Timolol 0.004% Eye Drops,Ophthalmology
Timolol 0.03% Eye Drops,Ophthalmology
Timolol 0.01% Eye Drops,Ophthalmology
Timolol 0.1% Eye Drops,Ophthalmology
Timolol 0.15% Eye Drops,Ophthalmology
Timolol 0.2% Eye Drops,Ophthalmology
Timolol 0.25% Eye Drops,Ophthalmology
Timolol 0.5% Eye Drops,Ophthalmology
Timolol 1% Eye Drops,Ophthalmology
Timolol 2% Eye Drops,Ophthalmology
Timolol 5% Eye Drops,Ophthalmology
Latanoprost Eye Drops,Ophthalmology
Latanoprost Ophthalmic Solution,Ophthalmology
Latanoprost Eye Ointment,Ophthalmology
Latanoprost Ophthalmic Gel,Ophthalmology
Latanoprost Ophthalmic Suspension,Ophthalmology
Latanoprost Intravitreal Injection,Ophthalmology
Latanoprost 0.005% Eye Drops,Ophthalmology
Latanoprost 0.004% Eye Drops,Ophthalmology
Latanoprost 0.03% Eye Drops,Ophthalmology
Latanoprost 0.01% Eye Drops,Ophthalmology
Latanoprost 0.1% Eye Drops,Ophthalmology
Latanoprost 0.15% Eye Drops,Ophthalmology
Latanoprost 0.2% Eye Drops,Ophthalmology
Latanoprost 0.25% Eye Drops,Ophthalmology
Latanoprost 0.5% Eye Drops,Ophthalmology
Latanoprost 1% Eye Drops,Ophthalmology
Latanoprost 2% Eye Drops,Ophthalmology
Latanoprost 5% Eye Drops,Ophthalmology
Travoprost Eye Drops,Ophthalmology
Travoprost Ophthalmic Solution,Ophthalmology
Travoprost Eye Ointment,Ophthalmology
Travoprost Ophthalmic Gel,Ophthalmology
Travoprost Ophthalmic Suspension,Ophthalmology
Travoprost Intravitreal Injection,Ophthalmology
Travoprost 0.005% Eye Drops,Ophthalmology
Travoprost 0.004% Eye Drops,Ophthalmology
Travoprost 0.03% Eye Drops,Ophthalmology
Travoprost 0.01% Eye Drops,Ophthalmology
Travoprost 0.1% Eye Drops,Ophthalmology
Travoprost 0.15% Eye Drops,Ophthalmology
Travoprost 0.2% Eye Drops,Ophthalmology
Travoprost 0.25% Eye Drops,Ophthalmology
Travoprost 0.5% Eye Drops,Ophthalmology
Travoprost 1% Eye Drops,Ophthalmology
Travoprost 2% Eye Drops,Ophthalmology
Travoprost 5% Eye Drops,Ophthalmology
Bimatoprost Eye Drops,Ophthalmology
Bimatoprost Ophthalmic Solution,Ophthalmology
Bimatoprost Eye Ointment,Ophthalmology
Bimatoprost Ophthalmic Gel,Ophthalmology
Bimatoprost Ophthalmic Suspension,Ophthalmology
Bimatoprost Intravitreal Injection,Ophthalmology
Bimatoprost 0.005% Eye Drops,Ophthalmology
Bimatoprost 0.004% Eye Drops,Ophthalmology
Bimatoprost 0.03% Eye Drops,Ophthalmology
Bimatoprost 0.01% Eye Drops,Ophthalmology
Bimatoprost 0.1% Eye Drops,Ophthalmology
Bimatoprost 0.15% Eye Drops,Ophthalmology
Bimatoprost 0.2% Eye Drops,Ophthalmology
Bimatoprost 0.25% Eye Drops,Ophthalmology
Bimatoprost 0.5% Eye Drops,Ophthalmology
Bimatoprost 1% Eye Drops,Ophthalmology
Bimatoprost 2% Eye Drops,Ophthalmology
Bimatoprost 5% Eye Drops,Ophthalmology
Tafluprost Eye Drops,Ophthalmology
Tafluprost Ophthalmic Solution,Ophthalmology
Tafluprost Eye Ointment,Ophthalmology
Tafluprost Ophthalmic Gel,Ophthalmology
Tafluprost Ophthalmic Suspension,Ophthalmology
Tafluprost Intravitreal Injection,Ophthalmology
Tafluprost 0.005% Eye Drops,Ophthalmology
Tafluprost 0.004% Eye Drops,Ophthalmology
Tafluprost 0.03% Eye Drops,Ophthalmology
Tafluprost 0.01% Eye Drops,Ophthalmology
Tafluprost 0.1% Eye Drops,Ophthalmology
Tafluprost 0.15% Eye Drops,Ophthalmology
Tafluprost 0.2% Eye Drops,Ophthalmology
Tafluprost 0.25% Eye Drops,Ophthalmology
Tafluprost 0.5% Eye Drops,Ophthalmology
Tafluprost 1% Eye Drops,Ophthalmology
Tafluprost 2% Eye Drops,Ophthalmology
Tafluprost 5% Eye Drops,Ophthalmology
Brimonidine Eye Drops,Ophthalmology
Brimonidine Ophthalmic Solution,Ophthalmology
Brimonidine Eye Ointment,Ophthalmology
Brimonidine Ophthalmic Gel,Ophthalmology
Brimonidine Ophthalmic Suspension,Ophthalmology
Brimonidine Intravitreal Injection,Ophthalmology
Brimonidine 0.005% Eye Drops,Ophthalmology
Brimonidine 0.004% Eye Drops,Ophthalmology
Brimonidine 0.03% Eye Drops,Ophthalmology
Brimonidine 0.01% Eye Drops,Ophthalmology
Brimonidine 0.1% Eye Drops,Ophthalmology
Brimonidine 0.15% Eye Drops,Ophthalmology
Brimonidine 0.2% Eye Drops,Ophthalmology
Brimonidine 0.25% Eye Drops,Ophthalmology
Brimonidine 0.5% Eye Drops,Ophthalmology
Brimonidine 1% Eye Drops,Ophthalmology
Brimonidine 2% Eye Drops,Ophthalmology
Brimonidine 5% Eye Drops,Ophthalmology
Dorzolamide Eye Drops,Ophthalmology
Dorzolamide Ophthalmic Solution,Ophthalmology
Dorzolamide Eye Ointment,Ophthalmology
Dorzolamide Ophthalmic Gel,Ophthalmology
Dorzolamide Ophthalmic Suspension,Ophthalmology
Dorzolamide Intravitreal Injection,Ophthalmology
Dorzolamide 0.005% Eye Drops,Ophthalmology
Dorzolamide 0.004% Eye Drops,Ophthalmology
Dorzolamide 0.03% Eye Drops,Ophthalmology
Dorzolamide 0.01% Eye Drops,Ophthalmology
Dorzolamide 0.1% Eye Drops,Ophthalmology
Dorzolamide 0.15% Eye Drops,Ophthalmology
Dorzolamide 0.2% Eye Drops,Ophthalmology
Dorzolamide 0.25% Eye Drops,Ophthalmology
Dorzolamide 0.5% Eye Drops,Ophthalmology
Dorzolamide 1% Eye Drops,Ophthalmology
Dorzolamide 2% Eye Drops,Ophthalmology
Dorzolamide 5% Eye Drops,Ophthalmology
Brinzolamide Eye Drops,Ophthalmology
Brinzolamide Ophthalmic Solution,Ophthalmology
Brinzolamide Eye Ointment,Ophthalmology
Brinzolamide Ophthalmic Gel,Ophthalmology
Brinzolamide Ophthalmic Suspension,Ophthalmology
Brinzolamide Intravitreal Injection,Ophthalmology
Brinzolamide 0.005% Eye Drops,Ophthalmology
Brinzolamide 0.004% Eye Drops,Ophthalmology
Brinzolamide 0.03% Eye Drops,Ophthalmology
Brinzolamide 0.01% Eye Drops,Ophthalmology
Brinzolamide 0.1% Eye Drops,Ophthalmology
Brinzolamide 0.15% Eye Drops,Ophthalmology
Brinzolamide 0.2% Eye Drops,Ophthalmology
Brinzolamide 0.25% Eye Drops,Ophthalmology
Brinzolamide 0.5% Eye Drops,Ophthalmology
Brinzolamide 1% Eye Drops,Ophthalmology
Brinzolamide 2% Eye Drops,Ophthalmology
Brinzolamide 5% Eye Drops,Ophthalmology
Acetazolamide Eye Drops,Ophthalmology
Acetazolamide Ophthalmic Solution,Ophthalmology
Acetazolamide Eye Ointment,Ophthalmology
Acetazolamide Ophthalmic Gel,Ophthalmology
Acetazolamide Ophthalmic Suspension,Ophthalmology
Acetazolamide Intravitreal Injection,Ophthalmology
Acetazolamide 0.005% Eye Drops,Ophthalmology
Acetazolamide 0.004% Eye Drops,Ophthalmology
Acetazolamide 0.03% Eye Drops,Ophthalmology
Acetazolamide 0.01% Eye Drops,Ophthalmology
Acetazolamide 0.1% Eye Drops,Ophthalmology
Acetazolamide 0.15% Eye Drops,Ophthalmology
Acetazolamide 0.2% Eye Drops,Ophthalmology
Acetazolamide 0.25% Eye Drops,Ophthalmology
Acetazolamide 0.5% Eye Drops,Ophthalmology
Acetazolamide 1% Eye Drops,Ophthalmology
Acetazolamide 2% Eye Drops,Ophthalmology
Acetazolamide 5% Eye Drops,Ophthalmology
Methazolamide Eye Drops,Ophthalmology
Methazolamide Ophthalmic Solution,Ophthalmology
Methazolamide Eye Ointment,Ophthalmology
Methazolamide Ophthalmic Gel,Ophthalmology
Methazolamide Ophthalmic Suspension,Ophthalmology
Methazolamide Intravitreal Injection,Ophthalmology
Methazolamide 0.005% Eye Drops,Ophthalmology
Methazolamide 0.004% Eye Drops,Ophthalmology
Methazolamide 0.03% Eye Drops,Ophthalmology
Methazolamide 0.01% Eye Drops,Ophthalmology
Methazolamide 0.1% Eye Drops,Ophthalmology
Methazolamide 0.15% Eye Drops,Ophthalmology
Methazolamide 0.2% Eye Drops,Ophthalmology
Methazolamide 0.25% Eye Drops,Ophthalmology
Methazolamide 0.5% Eye Drops,Ophthalmology
Methazolamide 1% Eye Drops,Ophthalmology
Methazolamide 2% Eye Drops,Ophthalmology
Methazolamide 5% Eye Drops,Ophthalmology
Pilocarpine Eye Drops,Ophthalmology
Pilocarpine Ophthalmic Solution,Ophthalmology
Pilocarpine Eye Ointment,Ophthalmology
Pilocarpine Ophthalmic Gel,Ophthalmology
Pilocarpine Ophthalmic Suspension,Ophthalmology
Pilocarpine Intravitreal Injection,Ophthalmology
Pilocarpine 0.005% Eye Drops,Ophthalmology
Pilocarpine 0.004% Eye Drops,Ophthalmology
Pilocarpine 0.03% Eye Drops,Ophthalmology
Pilocarpine 0.01% Eye Drops,Ophthalmology
Pilocarpine 0.1% Eye Drops,Ophthalmology
Pilocarpine 0.15% Eye Drops,Ophthalmology
Pilocarpine 0.2% Eye Drops,Ophthalmology
Pilocarpine 0.25% Eye Drops,Ophthalmology
Pilocarpine 0.5% Eye Drops,Ophthalmology
Pilocarpine 1% Eye Drops,Ophthalmology
Pilocarpine 2% Eye Drops,Ophthalmology
Pilocarpine 5% Eye Drops,Ophthalmology
Carbachol Eye Drops,Ophthalmology
Carbachol Ophthalmic Solution,Ophthalmology
Carbachol Eye Ointment,Ophthalmology
Carbachol Ophthalmic Gel,Ophthalmology
Carbachol Ophthalmic Suspension,Ophthalmology
Carbachol Intravitreal Injection,Ophthalmology
Carbachol 0.005% Eye Drops,Ophthalmology
Carbachol 0.004% Eye Drops,Ophthalmology
Carbachol 0.03% Eye Drops,Ophthalmology
Carbachol 0.01% Eye Drops,Ophthalmology
Carbachol 0.1% Eye Drops,Ophthalmology
Carbachol 0.15% Eye Drops,Ophthalmology
Carbachol 0.2% Eye Drops,Ophthalmology
Carbachol 0.25% Eye Drops,Ophthalmology
Carbachol 0.5% Eye Drops,Ophthalmology
Carbachol 1% Eye Drops,Ophthalmology
Carbachol 2% Eye Drops,Ophthalmology
Carbachol 5% Eye Drops,Ophthalmology
Apraclonidine Eye Drops,Ophthalmology
Apraclonidine Ophthalmic Solution,Ophthalmology
Apraclonidine Eye Ointment,Ophthalmology
Apraclonidine Ophthalmic Gel,Ophthalmology
Apraclonidine Ophthalmic Suspension,Ophthalmology
Apraclonidine Intravitreal Injection,Ophthalmology
Apraclonidine 0.005% Eye Drops,Ophthalmology
Apraclonidine 0.004% Eye Drops,Ophthalmology
Apraclonidine 0.03% Eye Drops,Ophthalmology
Apraclonidine 0.01% Eye Drops,Ophthalmology
Apraclonidine 0.1% Eye Drops,Ophthalmology
Apraclonidine 0.15% Eye Drops,Ophthalmology
Apraclonidine 0.2% Eye Drops,Ophthalmology
Apraclonidine 0.25% Eye Drops,Ophthalmology
Apraclonidine 0.5% Eye Drops,Ophthalmology
Apraclonidine 1% Eye Drops,Ophthalmology
Apraclonidine 2% Eye Drops,Ophthalmology
Apraclonidine 5% Eye Drops,Ophthalmology
Betaxolol Eye Drops,Ophthalmology
Betaxolol Ophthalmic Solution,Ophthalmology
Betaxolol Eye Ointment,Ophthalmology
Betaxolol Ophthalmic Gel,Ophthalmology
Betaxolol Ophthalmic Suspension,Ophthalmology
Betaxolol Intravitreal Injection,Ophthalmology
Betaxolol 0.005% Eye Drops,Ophthalmology
Betaxolol 0.004% Eye Drops,Ophthalmology
Betaxolol 0.03% Eye Drops,Ophthalmology
Betaxolol 0.01% Eye Drops,Ophthalmology
Betaxolol 0.1% Eye Drops,Ophthalmology
Betaxolol 0.15% Eye Drops,Ophthalmology
Betaxolol 0.2% Eye Drops,Ophthalmology
Betaxolol 0.25% Eye Drops,Ophthalmology
Betaxolol 0.5% Eye Drops,Ophthalmology
Betaxolol 1% Eye Drops,Ophthalmology
Betaxolol 2% Eye Drops,Ophthalmology
Betaxolol 5% Eye Drops,Ophthalmology
Carteolol Eye Drops,Ophthalmology
Carteolol Ophthalmic Solution,Ophthalmology
Carteolol Eye Ointment,Ophthalmology
Carteolol Ophthalmic Gel,Ophthalmology
Carteolol Ophthalmic Suspension,Ophthalmology
Carteolol Intravitreal Injection,Ophthalmology
Carteolol 0.005% Eye Drops,Ophthalmology
Carteolol 0.004% Eye Drops,Ophthalmology
Carteolol 0.03% Eye Drops,Ophthalmology
Carteolol 0.01% Eye Drops,Ophthalmology
Carteolol 0.1% Eye Drops,Ophthalmology
Carteolol 0.15% Eye Drops,Ophthalmology
Carteolol 0.2% Eye Drops,Ophthalmology
Carteolol 0.25% Eye Drops,Ophthalmology
Carteolol 0.5% Eye Drops,Ophthalmology
Carteolol 1% Eye Drops,Ophthalmology
Carteolol 2% Eye Drops,Ophthalmology
Carteolol 5% Eye Drops,Ophthalmology
Levobunolol Eye Drops,Ophthalmology
Levobunolol Ophthalmic Solution,Ophthalmology
Levobunolol Eye Ointment,Ophthalmology
Levobunolol Ophthalmic Gel,Ophthalmology
Levobunolol Ophthalmic Suspension,Ophthalmology
Levobunolol Intravitreal Injection,Ophthalmology
Levobunolol 0.005% Eye Drops,Ophthalmology
Levobunolol 0.004% Eye Drops,Ophthalmology
Levobunolol 0.03% Eye Drops,Ophthalmology
Levobunolol 0.01% Eye Drops,Ophthalmology
Levobunolol 0.1% Eye Drops,Ophthalmology
Levobunolol 0.15% Eye Drops,Ophthalmology
Levobunolol 0.2% Eye Drops,Ophthalmology
Levobunolol 0.25% Eye Drops,Ophthalmology
Levobunolol 0.5% Eye Drops,Ophthalmology
Levobunolol 1% Eye Drops,Ophthalmology
Levobunolol 2% Eye Drops,Ophthalmology
Levobunolol 5% Eye Drops,Ophthalmology
Dipivefrin Eye Drops,Ophthalmology
Dipivefrin Ophthalmic Solution,Ophthalmology
Dipivefrin Eye Ointment,Ophthalmology
Dipivefrin Ophthalmic Gel,Ophthalmology
Dipivefrin Ophthalmic Suspension,Ophthalmology
Dipivefrin Intravitreal Injection,Ophthalmology
Dipivefrin 0.005% Eye Drops,Ophthalmology
Dipivefrin 0.004% Eye Drops,Ophthalmology
Dipivefrin 0.03% Eye Drops,Ophthalmology
Dipivefrin 0.01% Eye Drops,Ophthalmology
Dipivefrin 0.1% Eye Drops,Ophthalmology
Dipivefrin 0.15% Eye Drops,Ophthalmology
Dipivefrin 0.2% Eye Drops,Ophthalmology
Dipivefrin 0.25% Eye Drops,Ophthalmology
Dipivefrin 0.5% Eye Drops,Ophthalmology
Dipivefrin 1% Eye Drops,Ophthalmology
Dipivefrin 2% Eye Drops,Ophthalmology
Dipivefrin 5% Eye Drops,Ophthalmology
Netarsudil Eye Drops,Ophthalmology
Netarsudil Ophthalmic Solution,Ophthalmology
Netarsudil Eye Ointment,Ophthalmology
Netarsudil Ophthalmic Gel,Ophthalmology
Netarsudil Ophthalmic Suspension,Ophthalmology
Netarsudil Intravitreal Injection,Ophthalmology
Netarsudil 0.005% Eye Drops,Ophthalmology
Netarsudil 0.004% Eye Drops,Ophthalmology
Netarsudil 0.03% Eye Drops,Ophthalmology
Netarsudil 0.01% Eye Drops,Ophthalmology
Netarsudil 0.1% Eye Drops,Ophthalmology
Netarsudil 0.15% Eye Drops,Ophthalmology
Netarsudil 0.2% Eye Drops,Ophthalmology
Netarsudil 0.25% Eye Drops,Ophthalmology
Netarsudil 0.5% Eye Drops,Ophthalmology
Netarsudil 1% Eye Drops,Ophthalmology
Netarsudil 2% Eye Drops,Ophthalmology
Netarsudil 5% Eye Drops,Ophthalmology
Ripasudil Eye Drops,Ophthalmology
Ripasudil Ophthalmic Solution,Ophthalmology
Ripasudil Eye Ointment,Ophthalmology
Ripasudil Ophthalmic Gel,Ophthalmology
Ripasudil Ophthalmic Suspension,Ophthalmology
Ripasudil Intravitreal Injection,Ophthalmology
Ripasudil 0.005% Eye Drops,Ophthalmology
Ripasudil 0.004% Eye Drops,Ophthalmology
Ripasudil 0.03% Eye Drops,Ophthalmology
Ripasudil 0.01% Eye Drops,Ophthalmology
Ripasudil 0.1% Eye Drops,Ophthalmology
Ripasudil 0.15% Eye Drops,Ophthalmology
Ripasudil 0.2% Eye Drops,Ophthalmology
Ripasudil 0.25% Eye Drops,Ophthalmology
Ripasudil 0.5% Eye Drops,Ophthalmology
Ripasudil 1% Eye Drops,Ophthalmology
Ripasudil 2% Eye Drops,Ophthalmology
Ripasudil 5% Eye Drops,Ophthalmology
Moxifloxacin Eye Drops,Ophthalmology
Moxifloxacin Ophthalmic Solution,Ophthalmology
Moxifloxacin Eye Ointment,Ophthalmology
Moxifloxacin Ophthalmic Gel,Ophthalmology
Moxifloxacin Ophthalmic Suspension,Ophthalmology
Moxifloxacin Intravitreal Injection,Ophthalmology
Moxifloxacin 0.005% Eye Drops,Ophthalmology
Moxifloxacin 0.004% Eye Drops,Ophthalmology
Moxifloxacin 0.03% Eye Drops,Ophthalmology
Moxifloxacin 0.01% Eye Drops,Ophthalmology
Moxifloxacin 0.1% Eye Drops,Ophthalmology
Moxifloxacin 0.15% Eye Drops,Ophthalmology
Moxifloxacin 0.2% Eye Drops,Ophthalmology
Moxifloxacin 0.25% Eye Drops,Ophthalmology
Moxifloxacin 0.5% Eye Drops,Ophthalmology
Moxifloxacin 1% Eye Drops,Ophthalmology
Moxifloxacin 2% Eye Drops,Ophthalmology
Moxifloxacin 5% Eye Drops,Ophthalmology
Gatifloxacin Eye Drops,Ophthalmology
Gatifloxacin Ophthalmic Solution,Ophthalmology
Gatifloxacin Eye Ointment,Ophthalmology
Gatifloxacin Ophthalmic Gel,Ophthalmology
Gatifloxacin Ophthalmic Suspension,Ophthalmology
Gatifloxacin Intravitreal Injection,Ophthalmology
Gatifloxacin 0.005% Eye Drops,Ophthalmology
Gatifloxacin 0.004% Eye Drops,Ophthalmology
Gatifloxacin 0.03% Eye Drops,Ophthalmology
Gatifloxacin 0.01% Eye Drops,Ophthalmology
Gatifloxacin 0.1% Eye Drops,Ophthalmology
Gatifloxacin 0.15% Eye Drops,Ophthalmology
Gatifloxacin 0.2% Eye Drops,Ophthalmology
Gatifloxacin 0.25% Eye Drops,Ophthalmology
Gatifloxacin 0.5% Eye Drops,Ophthalmology
Gatifloxacin 1% Eye Drops,Ophthalmology
Gatifloxacin 2% Eye Drops,Ophthalmology
Gatifloxacin 5% Eye Drops,Ophthalmology
Ofloxacin Eye Drops,Ophthalmology
Ofloxacin Ophthalmic Solution,Ophthalmology
Ofloxacin Eye Ointment,Ophthalmology
Ofloxacin Ophthalmic Gel,Ophthalmology
Ofloxacin Ophthalmic Suspension,Ophthalmology
Ofloxacin Intravitreal Injection,Ophthalmology
Ofloxacin 0.005% Eye Drops,Ophthalmology
Ofloxacin 0.004% Eye Drops,Ophthalmology
Ofloxacin 0.03% Eye Drops,Ophthalmology
Ofloxacin 0.01% Eye Drops,Ophthalmology
Ofloxacin 0.1% Eye Drops,Ophthalmology
Ofloxacin 0.15% Eye Drops,Ophthalmology
Ofloxacin 0.2% Eye Drops,Ophthalmology
Ofloxacin 0.25% Eye Drops,Ophthalmology
Ofloxacin 0.5% Eye Drops,Ophthalmology
Ofloxacin 1% Eye Drops,Ophthalmology
Ofloxacin 2% Eye Drops,Ophthalmology
Ofloxacin 5% Eye Drops,Ophthalmology
Ciprofloxacin Eye Drops,Ophthalmology
Ciprofloxacin Ophthalmic Solution,Ophthalmology
Ciprofloxacin Eye Ointment,Ophthalmology
Ciprofloxacin Ophthalmic Gel,Ophthalmology
Ciprofloxacin Ophthalmic Suspension,Ophthalmology
Ciprofloxacin Intravitreal Injection,Ophthalmology
Ciprofloxacin 0.005% Eye Drops,Ophthalmology
Ciprofloxacin 0.004% Eye Drops,Ophthalmology
Ciprofloxacin 0.03% Eye Drops,Ophthalmology
Ciprofloxacin 0.01% Eye Drops,Ophthalmology
Ciprofloxacin 0.1% Eye Drops,Ophthalmology
Ciprofloxacin 0.15% Eye Drops,Ophthalmology
Ciprofloxacin 0.2% Eye Drops,Ophthalmology
Ciprofloxacin 0.25% Eye Drops,Ophthalmology
Ciprofloxacin 0.5% Eye Drops,Ophthalmology
Ciprofloxacin 1% Eye Drops,Ophthalmology
Ciprofloxacin 2% Eye Drops,Ophthalmology
Ciprofloxacin 5% Eye Drops,Ophthalmology
Levofloxacin Eye Drops,Ophthalmology
Levofloxacin Ophthalmic Solution,Ophthalmology
Levofloxacin Eye Ointment,Ophthalmology
Levofloxacin Ophthalmic Gel,Ophthalmology
Levofloxacin Ophthalmic Suspension,Ophthalmology
Levofloxacin Intravitreal Injection,Ophthalmology
Levofloxacin 0.005% Eye Drops,Ophthalmology
Levofloxacin 0.004% Eye Drops,Ophthalmology
Levofloxacin 0.03% Eye Drops,Ophthalmology
Levofloxacin 0.01% Eye Drops,Ophthalmology
Levofloxacin 0.1% Eye Drops,Ophthalmology
Levofloxacin 0.15% Eye Drops,Ophthalmology
Levofloxacin 0.2% Eye Drops,Ophthalmology
Levofloxacin 0.25% Eye Drops,Ophthalmology
Levofloxacin 0.5% Eye Drops,Ophthalmology
Levofloxacin 1% Eye Drops,Ophthalmology
Levofloxacin 2% Eye Drops,Ophthalmology
Levofloxacin 5% Eye Drops,Ophthalmology
Tobramycin Eye Drops,Ophthalmology
Tobramycin Ophthalmic Solution,Ophthalmology
Tobramycin Eye Ointment,Ophthalmology
Tobramycin Ophthalmic Gel,Ophthalmology
Tobramycin Ophthalmic Suspension,Ophthalmology
Tobramycin Intravitreal Injection,Ophthalmology
Tobramycin 0.005% Eye Drops,Ophthalmology
Tobramycin 0.004% Eye Drops,Ophthalmology
Tobramycin 0.03% Eye Drops,Ophthalmology
Tobramycin 0.01% Eye Drops,Ophthalmology
Tobramycin 0.1% Eye Drops,Ophthalmology
Tobramycin 0.15% Eye Drops,Ophthalmology
Tobramycin 0.2% Eye Drops,Ophthalmology
Tobramycin 0.25% Eye Drops,Ophthalmology
Tobramycin 0.5% Eye Drops,Ophthalmology
Tobramycin 1% Eye Drops,Ophthalmology
Tobramycin 2% Eye Drops,Ophthalmology
Tobramycin 5% Eye Drops,Ophthalmology
Gentamicin Eye Drops,Ophthalmology
Gentamicin Ophthalmic Solution,Ophthalmology
Gentamicin Eye Ointment,Ophthalmology
Gentamicin Ophthalmic Gel,Ophthalmology
Gentamicin Ophthalmic Suspension,Ophthalmology
Gentamicin Intravitreal Injection,Ophthalmology
Gentamicin 0.005% Eye Drops,Ophthalmology
Gentamicin 0.004% Eye Drops,Ophthalmology
Gentamicin 0.03% Eye Drops,Ophthalmology
Gentamicin 0.01% Eye Drops,Ophthalmology
Gentamicin 0.1% Eye Drops,Ophthalmology
Gentamicin 0.15% Eye Drops,Ophthalmology
Gentamicin 0.2% Eye Drops,Ophthalmology
Gentamicin 0.25% Eye Drops,Ophthalmology
Gentamicin 0.5% Eye Drops,Ophthalmology
Gentamicin 1% Eye Drops,Ophthalmology
Gentamicin 2% Eye Drops,Ophthalmology
Gentamicin 5% Eye Drops,Ophthalmology
Chloramphenicol Eye Drops,Ophthalmology
Chloramphenicol Ophthalmic Solution,Ophthalmology
Chloramphenicol Eye Ointment,Ophthalmology
Chloramphenicol Ophthalmic Gel,Ophthalmology
Chloramphenicol Ophthalmic Suspension,Ophthalmology
Chloramphenicol Intravitreal Injection,Ophthalmology
Chloramphenicol 0.005% Eye Drops,Ophthalmology
Chloramphenicol 0.004% Eye Drops,Ophthalmology
Chloramphenicol 0.03% Eye Drops,Ophthalmology
Chloramphenicol 0.01% Eye Drops,Ophthalmology
Chloramphenicol 0.1% Eye Drops,Ophthalmology
Chloramphenicol 0.15% Eye Drops,Ophthalmology
Chloramphenicol 0.2% Eye Drops,Ophthalmology
Chloramphenicol 0.25% Eye Drops,Ophthalmology
Chloramphenicol 0.5% Eye Drops,Ophthalmology
Chloramphenicol 1% Eye Drops,Ophthalmology
Chloramphenicol 2% Eye Drops,Ophthalmology
Chloramphenicol 5% Eye Drops,Ophthalmology
Azithromycin Eye Drops,Ophthalmology
Azithromycin Ophthalmic Solution,Ophthalmology
Azithromycin Eye Ointment,Ophthalmology
Azithromycin Ophthalmic Gel,Ophthalmology
Azithromycin Ophthalmic Suspension,Ophthalmology
Azithromycin Intravitreal Injection,Ophthalmology
Azithromycin 0.005% Eye Drops,Ophthalmology
Azithromycin 0.004% Eye Drops,Ophthalmology
Azithromycin 0.03% Eye Drops,Ophthalmology
Azithromycin 0.01% Eye Drops,Ophthalmology
Azithromycin 0.1% Eye Drops,Ophthalmology
Azithromycin 0.15% Eye Drops,Ophthalmology
Azithromycin 0.2% Eye Drops,Ophthalmology
Azithromycin 0.25% Eye Drops,Ophthalmology
Azithromycin 0.5% Eye Drops,Ophthalmology
Azithromycin 1% Eye Drops,Ophthalmology
Azithromycin 2% Eye Drops,Ophthalmology
Azithromycin 5% Eye Drops,Ophthalmology
Erythromycin Eye Drops,Ophthalmology
Erythromycin Ophthalmic Solution,Ophthalmology
Erythromycin Eye Ointment,Ophthalmology
Erythromycin Ophthalmic Gel,Ophthalmology
Erythromycin Ophthalmic Suspension,Ophthalmology
Erythromycin Intravitreal Injection,Ophthalmology
Erythromycin 0.005% Eye Drops,Ophthalmology
Erythromycin 0.004% Eye Drops,Ophthalmology
Erythromycin 0.03% Eye Drops,Ophthalmology
Erythromycin 0.01% Eye Drops,Ophthalmology
Erythromycin 0.1% Eye Drops,Ophthalmology
Erythromycin 0.15% Eye Drops,Ophthalmology
Erythromycin 0.2% Eye Drops,Ophthalmology
Erythromycin 0.25% Eye Drops,Ophthalmology
Erythromycin 0.5% Eye Drops,Ophthalmology
Erythromycin 1% Eye Drops,Ophthalmology
Erythromycin 2% Eye Drops,Ophthalmology
Erythromycin 5% Eye Drops,Ophthalmology
Fusidic Acid Eye Drops,Ophthalmology
Fusidic Acid Ophthalmic Solution,Ophthalmology
Fusidic Acid Eye Ointment,Ophthalmology
Fusidic Acid Ophthalmic Gel,Ophthalmology
Fusidic Acid Ophthalmic Suspension,Ophthalmology
Fusidic Acid Intravitreal Injection,Ophthalmology
Fusidic Acid 0.005% Eye Drops,Ophthalmology
Fusidic Acid 0.004% Eye Drops,Ophthalmology
Fusidic Acid 0.03% Eye Drops,Ophthalmology
Fusidic Acid 0.01% Eye Drops,Ophthalmology
Fusidic Acid 0.1% Eye Drops,Ophthalmology
Fusidic Acid 0.15% Eye Drops,Ophthalmology
Fusidic Acid 0.2% Eye Drops,Ophthalmology
Fusidic Acid 0.25% Eye Drops,Ophthalmology
Fusidic Acid 0.5% Eye Drops,Ophthalmology
Fusidic Acid 1% Eye Drops,Ophthalmology
Fusidic Acid 2% Eye Drops,Ophthalmology
Fusidic Acid 5% Eye Drops,Ophthalmology
Besifloxacin Eye Drops,Ophthalmology
Besifloxacin Ophthalmic Solution,Ophthalmology
Besifloxacin Eye Ointment,Ophthalmology
Besifloxacin Ophthalmic Gel,Ophthalmology
Besifloxacin Ophthalmic Suspension,Ophthalmology
Besifloxacin Intravitreal Injection,Ophthalmology
Besifloxacin 0.005% Eye Drops,Ophthalmology
Besifloxacin 0.004% Eye Drops,Ophthalmology
Besifloxacin 0.03% Eye Drops,Ophthalmology
Besifloxacin 0.01% Eye Drops,Ophthalmology
Besifloxacin 0.1% Eye Drops,Ophthalmology
Besifloxacin 0.15% Eye Drops,Ophthalmology
Besifloxacin 0.2% Eye Drops,Ophthalmology
Besifloxacin 0.25% Eye Drops,Ophthalmology
Besifloxacin 0.5% Eye Drops,Ophthalmology
Besifloxacin 1% Eye Drops,Ophthalmology
Besifloxacin 2% Eye Drops,Ophthalmology
Besifloxacin 5% Eye Drops,Ophthalmology
Natamycin Eye Drops,Ophthalmology
Natamycin Ophthalmic Solution,Ophthalmology
Natamycin Eye Ointment,Ophthalmology
Natamycin Ophthalmic Gel,Ophthalmology
Natamycin Ophthalmic Suspension,Ophthalmology
Natamycin Intravitreal Injection,Ophthalmology
Natamycin 0.005% Eye Drops,Ophthalmology
Natamycin 0.004% Eye Drops,Ophthalmology
Natamycin 0.03% Eye Drops,Ophthalmology
Natamycin 0.01% Eye Drops,Ophthalmology
Natamycin 0.1% Eye Drops,Ophthalmology
Natamycin 0.15% Eye Drops,Ophthalmology
Natamycin 0.2% Eye Drops,Ophthalmology
Natamycin 0.25% Eye Drops,Ophthalmology
Natamycin 0.5% Eye Drops,Ophthalmology
Natamycin 1% Eye Drops,Ophthalmology
Natamycin 2% Eye Drops,Ophthalmology
Natamycin 5% Eye Drops,Ophthalmology
Voriconazole Eye Drops,Ophthalmology
Voriconazole Ophthalmic Solution,Ophthalmology
Voriconazole Eye Ointment,Ophthalmology
Voriconazole Ophthalmic Gel,Ophthalmology
Voriconazole Ophthalmic Suspension,Ophthalmology
Voriconazole Intravitreal Injection,Ophthalmology
Voriconazole 0.005% Eye Drops,Ophthalmology
Voriconazole 0.004% Eye Drops,Ophthalmology
Voriconazole 0.03% Eye Drops,Ophthalmology
Voriconazole 0.01% Eye Drops,Ophthalmology
Voriconazole 0.1% Eye Drops,Ophthalmology
Voriconazole 0.15% Eye Drops,Ophthalmology
Voriconazole 0.2% Eye Drops,Ophthalmology
Voriconazole 0.25% Eye Drops,Ophthalmology
Voriconazole 0.5% Eye Drops,Ophthalmology
Voriconazole 1% Eye Drops,Ophthalmology
Voriconazole 2% Eye Drops,Ophthalmology
Voriconazole 5% Eye Drops,Ophthalmology
Fluconazole Eye Drops,Ophthalmology
Fluconazole Ophthalmic Solution,Ophthalmology
Fluconazole Eye Ointment,Ophthalmology
Fluconazole Ophthalmic Gel,Ophthalmology
Fluconazole Ophthalmic Suspension,Ophthalmology
Fluconazole Intravitreal Injection,Ophthalmology
Fluconazole 0.005% Eye Drops,Ophthalmology
Fluconazole 0.004% Eye Drops,Ophthalmology
Fluconazole 0.03% Eye Drops,Ophthalmology
Fluconazole 0.01% Eye Drops,Ophthalmology
Fluconazole 0.1% Eye Drops,Ophthalmology
Fluconazole 0.15% Eye Drops,Ophthalmology
Fluconazole 0.2% Eye Drops,Ophthalmology
Fluconazole 0.25% Eye Drops,Ophthalmology
Fluconazole 0.5% Eye Drops,Ophthalmology
Fluconazole 1% Eye Drops,Ophthalmology
Fluconazole 2% Eye Drops,Ophthalmology
Fluconazole 5% Eye Drops,Ophthalmology
Amphotericin B Eye Drops,Ophthalmology
Amphotericin B Ophthalmic Solution,Ophthalmology
Amphotericin B Eye Ointment,Ophthalmology
Amphotericin B Ophthalmic Gel,Ophthalmology
Amphotericin B Ophthalmic Suspension,Ophthalmology
Amphotericin B Intravitreal Injection,Ophthalmology
Amphotericin B 0.005% Eye Drops,Ophthalmology
Amphotericin B 0.004% Eye Drops,Ophthalmology
Amphotericin B 0.03% Eye Drops,Ophthalmology
Amphotericin B 0.01% Eye Drops,Ophthalmology
Amphotericin B 0.1% Eye Drops,Ophthalmology
Amphotericin B 0.15% Eye Drops,Ophthalmology
Amphotericin B 0.2% Eye Drops,Ophthalmology
Amphotericin B 0.25% Eye Drops,Ophthalmology
Amphotericin B 0.5% Eye Drops,Ophthalmology
Amphotericin B 1% Eye Drops,Ophthalmology
Amphotericin B 2% Eye Drops,Ophthalmology
Amphotericin B 5% Eye Drops,Ophthalmology
Acyclovir Eye Drops,Ophthalmology
Acyclovir Ophthalmic Solution,Ophthalmology
Acyclovir Eye Ointment,Ophthalmology
Acyclovir Ophthalmic Gel,Ophthalmology
Acyclovir Ophthalmic Suspension,Ophthalmology
Acyclovir Intravitreal Injection,Ophthalmology
Acyclovir 0.005% Eye Drops,Ophthalmology
Acyclovir 0.004% Eye Drops,Ophthalmology
Acyclovir 0.03% Eye Drops,Ophthalmology
Acyclovir 0.01% Eye Drops,Ophthalmology
Acyclovir 0.1% Eye Drops,Ophthalmology
Acyclovir 0.15% Eye Drops,Ophthalmology
Acyclovir 0.2% Eye Drops,Ophthalmology
Acyclovir 0.25% Eye Drops,Ophthalmology
Acyclovir 0.5% Eye Drops,Ophthalmology
Acyclovir 1% Eye Drops,Ophthalmology
Acyclovir 2% Eye Drops,Ophthalmology
Acyclovir 5% Eye Drops,Ophthalmology
Ganciclovir Eye Drops,Ophthalmology
Ganciclovir Ophthalmic Solution,Ophthalmology
Ganciclovir Eye Ointment,Ophthalmology
Ganciclovir Ophthalmic Gel,Ophthalmology
Ganciclovir Ophthalmic Suspension,Ophthalmology
Ganciclovir Intravitreal Injection,Ophthalmology
Ganciclovir 0.005% Eye Drops,Ophthalmology
Ganciclovir 0.004% Eye Drops,Ophthalmology
Ganciclovir 0.03% Eye Drops,Ophthalmology
Ganciclovir 0.01% Eye Drops,Ophthalmology
Ganciclovir 0.1% Eye Drops,Ophthalmology
Ganciclovir 0.15% Eye Drops,Ophthalmology
Ganciclovir 0.2% Eye Drops,Ophthalmology
Ganciclovir 0.25% Eye Drops,Ophthalmology
Ganciclovir 0.5% Eye Drops,Ophthalmology
Ganciclovir 1% Eye Drops,Ophthalmology
Ganciclovir 2% Eye Drops,Ophthalmology
Ganciclovir 5% Eye Drops,Ophthalmology
Trifluridine Eye Drops,Ophthalmology
Trifluridine Ophthalmic Solution,Ophthalmology
Trifluridine Eye Ointment,Ophthalmology
Trifluridine Ophthalmic Gel,Ophthalmology
Trifluridine Ophthalmic Suspension,Ophthalmology
Trifluridine Intravitreal Injection,Ophthalmology
Trifluridine 0.005% Eye Drops,Ophthalmology
Trifluridine 0.004% Eye Drops,Ophthalmology
Trifluridine 0.03% Eye Drops,Ophthalmology
Trifluridine 0.01% Eye Drops,Ophthalmology
Trifluridine 0.1% Eye Drops,Ophthalmology
Trifluridine 0.15% Eye Drops,Ophthalmology
Trifluridine 0.2% Eye Drops,Ophthalmology
Trifluridine 0.25% Eye Drops,Ophthalmology
Trifluridine 0.5% Eye Drops,Ophthalmology
Trifluridine 1% Eye Drops,Ophthalmology
Trifluridine 2% Eye Drops,Ophthalmology
Trifluridine 5% Eye Drops,Ophthalmology
Prednisolone Acetate Eye Drops,Ophthalmology
Prednisolone Acetate Ophthalmic Solution,Ophthalmology
Prednisolone Acetate Eye Ointment,Ophthalmology
Prednisolone Acetate Ophthalmic Gel,Ophthalmology
Prednisolone Acetate Ophthalmic Suspension,Ophthalmology
Prednisolone Acetate Intravitreal Injection,Ophthalmology
Prednisolone Acetate 0.005% Eye Drops,Ophthalmology
Prednisolone Acetate 0.004% Eye Drops,Ophthalmology
Prednisolone Acetate 0.03% Eye Drops,Ophthalmology
Prednisolone Acetate 0.01% Eye Drops,Ophthalmology
Prednisolone Acetate 0.1% Eye Drops,Ophthalmology
Prednisolone Acetate 0.15% Eye Drops,Ophthalmology
Prednisolone Acetate 0.2% Eye Drops,Ophthalmology
Prednisolone Acetate 0.25% Eye Drops,Ophthalmology
Prednisolone Acetate 0.5% Eye Drops,Ophthalmology
Prednisolone Acetate 1% Eye Drops,Ophthalmology
Prednisolone Acetate 2% Eye Drops,Ophthalmology
Prednisolone Acetate 5% Eye Drops,Ophthalmology
Dexamethasone Eye Drops,Ophthalmology
Dexamethasone Ophthalmic Solution,Ophthalmology
Dexamethasone Eye Ointment,Ophthalmology
Dexamethasone Ophthalmic Gel,Ophthalmology
Dexamethasone Ophthalmic Suspension,Ophthalmology
Dexamethasone Intravitreal Injection,Ophthalmology
Dexamethasone 0.005% Eye Drops,Ophthalmology
Dexamethasone 0.004% Eye Drops,Ophthalmology
Dexamethasone 0.03% Eye Drops,Ophthalmology
Dexamethasone 0.01% Eye Drops,Ophthalmology
Dexamethasone 0.1% Eye Drops,Ophthalmology
Dexamethasone 0.15% Eye Drops,Ophthalmology
Dexamethasone 0.2% Eye Drops,Ophthalmology
Dexamethasone 0.25% Eye Drops,Ophthalmology
Dexamethasone 0.5% Eye Drops,Ophthalmology
Dexamethasone 1% Eye Drops,Ophthalmology
Dexamethasone 2% Eye Drops,Ophthalmology
Dexamethasone 5% Eye Drops,Ophthalmology
Fluorometholone Eye Drops,Ophthalmology
Fluorometholone Ophthalmic Solution,Ophthalmology
Fluorometholone Eye Ointment,Ophthalmology
Fluorometholone Ophthalmic Gel,Ophthalmology
Fluorometholone Ophthalmic Suspension,Ophthalmology
Fluorometholone Intravitreal Injection,Ophthalmology
Fluorometholone 0.005% Eye Drops,Ophthalmology
Fluorometholone 0.004% Eye Drops,Ophthalmology
Fluorometholone 0.03% Eye Drops,Ophthalmology
Fluorometholone 0.01% Eye Drops,Ophthalmology
Fluorometholone 0.1% Eye Drops,Ophthalmology
Fluorometholone 0.15% Eye Drops,Ophthalmology
Fluorometholone 0.2% Eye Drops,Ophthalmology
Fluorometholone 0.25% Eye Drops,Ophthalmology
Fluorometholone 0.5% Eye Drops,Ophthalmology
Fluorometholone 1% Eye Drops,Ophthalmology
Fluorometholone 2% Eye Drops,Ophthalmology
Fluorometholone 5% Eye Drops,Ophthalmology
Loteprednol Eye Drops,Ophthalmology
Loteprednol Ophthalmic Solution,Ophthalmology
Loteprednol Eye Ointment,Ophthalmology
Loteprednol Ophthalmic Gel,Ophthalmology
Loteprednol Ophthalmic Suspension,Ophthalmology
Loteprednol Intravitreal Injection,Ophthalmology
Loteprednol 0.005% Eye Drops,Ophthalmology
Loteprednol 0.004% Eye Drops,Ophthalmology
Loteprednol 0.03% Eye Drops,Ophthalmology
Loteprednol 0.01% Eye Drops,Ophthalmology
Loteprednol 0.1% Eye Drops,Ophthalmology
Loteprednol 0.15% Eye Drops,Ophthalmology
Loteprednol 0.2% Eye Drops,Ophthalmology
Loteprednol 0.25% Eye Drops,Ophthalmology
Loteprednol 0.5% Eye Drops,Ophthalmology
Loteprednol 1% Eye Drops,Ophthalmology
Loteprednol 2% Eye Drops,Ophthalmology
Loteprednol 5% Eye Drops,Ophthalmology
Rimexolone Eye Drops,Ophthalmology
Rimexolone Ophthalmic Solution,Ophthalmology
Rimexolone Eye Ointment,Ophthalmology
Rimexolone Ophthalmic Gel,Ophthalmology
Rimexolone Ophthalmic Suspension,Ophthalmology
Rimexolone Intravitreal Injection,Ophthalmology
Rimexolone 0.005% Eye Drops,Ophthalmology
Rimexolone 0.004% Eye Drops,Ophthalmology
Rimexolone 0.03% Eye Drops,Ophthalmology
Rimexolone 0.01% Eye Drops,Ophthalmology
Rimexolone 0.1% Eye Drops,Ophthalmology
Rimexolone 0.15% Eye Drops,Ophthalmology
Rimexolone 0.2% Eye Drops,Ophthalmology
Rimexolone 0.25% Eye Drops,Ophthalmology
Rimexolone 0.5% Eye Drops,Ophthalmology
Rimexolone 1% Eye Drops,Ophthalmology
Rimexolone 2% Eye Drops,Ophthalmology
Rimexolone 5% Eye Drops,Ophthalmology
Difluprednate Eye Drops,Ophthalmology
Difluprednate Ophthalmic Solution,Ophthalmology
Difluprednate Eye Ointment,Ophthalmology
Difluprednate Ophthalmic Gel,Ophthalmology
Difluprednate Ophthalmic Suspension,Ophthalmology
Difluprednate Intravitreal Injection,Ophthalmology
Difluprednate 0.005% Eye Drops,Ophthalmology
Difluprednate 0.004% Eye Drops,Ophthalmology
Difluprednate 0.03% Eye Drops,Ophthalmology
Difluprednate 0.01% Eye Drops,Ophthalmology
Difluprednate 0.1% Eye Drops,Ophthalmology
Difluprednate 0.15% Eye Drops,Ophthalmology
Difluprednate 0.2% Eye Drops,Ophthalmology
Difluprednate 0.25% Eye Drops,Ophthalmology
Difluprednate 0.5% Eye Drops,Ophthalmology
Difluprednate 1% Eye Drops,Ophthalmology
Difluprednate 2% Eye Drops,Ophthalmology
Difluprednate 5% Eye Drops,Ophthalmology
Hydrocortisone Eye Drops,Ophthalmology
Hydrocortisone Ophthalmic Solution,Ophthalmology
Hydrocortisone Eye Ointment,Ophthalmology
Hydrocortisone Ophthalmic Gel,Ophthalmology
Hydrocortisone Ophthalmic Suspension,Ophthalmology
Hydrocortisone Intravitreal Injection,Ophthalmology
Hydrocortisone 0.005% Eye Drops,Ophthalmology
Hydrocortisone 0.004% Eye Drops,Ophthalmology
Hydrocortisone 0.03% Eye Drops,Ophthalmology
Hydrocortisone 0.01% Eye Drops,Ophthalmology
Hydrocortisone 0.1% Eye Drops,Ophthalmology
Hydrocortisone 0.15% Eye Drops,Ophthalmology
Hydrocortisone 0.2% Eye Drops,Ophthalmology
Hydrocortisone 0.25% Eye Drops,Ophthalmology
Hydrocortisone 0.5% Eye Drops,Ophthalmology
Hydrocortisone 1% Eye Drops,Ophthalmology
Hydrocortisone 2% Eye Drops,Ophthalmology
Hydrocortisone 5% Eye Drops,Ophthalmology
Ketorolac Eye Drops,Ophthalmology
Ketorolac Ophthalmic Solution,Ophthalmology
Ketorolac Eye Ointment,Ophthalmology
Ketorolac Ophthalmic Gel,Ophthalmology
Ketorolac Ophthalmic Suspension,Ophthalmology
Ketorolac Intravitreal Injection,Ophthalmology
Ketorolac 0.005% Eye Drops,Ophthalmology
Ketorolac 0.004% Eye Drops,Ophthalmology
Ketorolac 0.03% Eye Drops,Ophthalmology
Ketorolac 0.01% Eye Drops,Ophthalmology
Ketorolac 0.1% Eye Drops,Ophthalmology
Ketorolac 0.15% Eye Drops,Ophthalmology
Ketorolac 0.2% Eye Drops,Ophthalmology
Ketorolac 0.25% Eye Drops,Ophthalmology
Ketorolac 0.5% Eye Drops,Ophthalmology
Ketorolac 1% Eye Drops,Ophthalmology
Ketorolac 2% Eye Drops,Ophthalmology
Ketorolac 5% Eye Drops,Ophthalmology
Nepafenac Eye Drops,Ophthalmology
Nepafenac Ophthalmic Solution,Ophthalmology
Nepafenac Eye Ointment,Ophthalmology
Nepafenac Ophthalmic Gel,Ophthalmology
Nepafenac Ophthalmic Suspension,Ophthalmology
Nepafenac Intravitreal Injection,Ophthalmology
Nepafenac 0.005% Eye Drops,Ophthalmology
Nepafenac 0.004% Eye Drops,Ophthalmology
Nepafenac 0.03% Eye Drops,Ophthalmology
Nepafenac 0.01% Eye Drops,Ophthalmology
Nepafenac 0.1% Eye Drops,Ophthalmology
Nepafenac 0.15% Eye Drops,Ophthalmology
Nepafenac 0.2% Eye Drops,Ophthalmology
Nepafenac 0.25% Eye Drops,Ophthalmology
Nepafenac 0.5% Eye Drops,Ophthalmology
Nepafenac 1% Eye Drops,Ophthalmology
Nepafenac 2% Eye Drops,Ophthalmology
Nepafenac 5% Eye Drops,Ophthalmology
Bromfenac Eye Drops,Ophthalmology
Bromfenac Ophthalmic Solution,Ophthalmology
Bromfenac Eye Ointment,Ophthalmology
Bromfenac Ophthalmic Gel,Ophthalmology
Bromfenac Ophthalmic Suspension,Ophthalmology
Bromfenac Intravitreal Injection,Ophthalmology
Bromfenac 0.005% Eye Drops,Ophthalmology
Bromfenac 0.004% Eye Drops,Ophthalmology
Bromfenac 0.03% Eye Drops,Ophthalmology
Bromfenac 0.01% Eye Drops,Ophthalmology
Bromfenac 0.1% Eye Drops,Ophthalmology
Bromfenac 0.15% Eye Drops,Ophthalmology
Bromfenac 0.2% Eye Drops,Ophthalmology
Bromfenac 0.25% Eye Drops,Ophthalmology
Bromfenac 0.5% Eye Drops,Ophthalmology
Bromfenac 1% Eye Drops,Ophthalmology
Bromfenac 2% Eye Drops,Ophthalmology
Bromfenac 5% Eye Drops,Ophthalmology
Diclofenac Eye Drops,Ophthalmology
Diclofenac Ophthalmic Solution,Ophthalmology
Diclofenac Eye Ointment,Ophthalmology
Diclofenac Ophthalmic Gel,Ophthalmology
Diclofenac Ophthalmic Suspension,Ophthalmology
Diclofenac Intravitreal Injection,Ophthalmology
Diclofenac 0.005% Eye Drops,Ophthalmology
Diclofenac 0.004% Eye Drops,Ophthalmology
Diclofenac 0.03% Eye Drops,Ophthalmology
Diclofenac 0.01% Eye Drops,Ophthalmology
Diclofenac 0.1% Eye Drops,Ophthalmology
Diclofenac 0.15% Eye Drops,Ophthalmology
Diclofenac 0.2% Eye Drops,Ophthalmology
Diclofenac 0.25% Eye Drops,Ophthalmology
Diclofenac 0.5% Eye Drops,Ophthalmology
Diclofenac 1% Eye Drops,Ophthalmology
Diclofenac 2% Eye Drops,Ophthalmology
Diclofenac 5% Eye Drops,Ophthalmology
Flurbiprofen Eye Drops,Ophthalmology
Flurbiprofen Ophthalmic Solution,Ophthalmology
Flurbiprofen Eye Ointment,Ophthalmology
Flurbiprofen Ophthalmic Gel,Ophthalmology
Flurbiprofen Ophthalmic Suspension,Ophthalmology
Flurbiprofen Intravitreal Injection,Ophthalmology
Flurbiprofen 0.005% Eye Drops,Ophthalmology
Flurbiprofen 0.004% Eye Drops,Ophthalmology
Flurbiprofen 0.03% Eye Drops,Ophthalmology
Flurbiprofen 0.01% Eye Drops,Ophthalmology
Flurbiprofen 0.1% Eye Drops,Ophthalmology
Flurbiprofen 0.15% Eye Drops,Ophthalmology
Flurbiprofen 0.2% Eye Drops,Ophthalmology
Flurbiprofen 0.25% Eye Drops,Ophthalmology
Flurbiprofen 0.5% Eye Drops,Ophthalmology
Flurbiprofen 1% Eye Drops,Ophthalmology
Flurbiprofen 2% Eye Drops,Ophthalmology
Flurbiprofen 5% Eye Drops,Ophthalmology
Olopatadine Eye Drops,Ophthalmology
Olopatadine Ophthalmic Solution,Ophthalmology
Olopatadine Eye Ointment,Ophthalmology
Olopatadine Ophthalmic Gel,Ophthalmology
Olopatadine Ophthalmic Suspension,Ophthalmology
Olopatadine Intravitreal Injection,Ophthalmology
Olopatadine 0.005% Eye Drops,Ophthalmology
Olopatadine 0.004% Eye Drops,Ophthalmology
Olopatadine 0.03% Eye Drops,Ophthalmology
Olopatadine 0.01% Eye Drops,Ophthalmology
Olopatadine 0.1% Eye Drops,Ophthalmology
Olopatadine 0.15% Eye Drops,Ophthalmology
Olopatadine 0.2% Eye Drops,Ophthalmology
Olopatadine 0.25% Eye Drops,Ophthalmology
Olopatadine 0.5% Eye Drops,Ophthalmology
Olopatadine 1% Eye Drops,Ophthalmology
Olopatadine 2% Eye Drops,Ophthalmology
Olopatadine 5% Eye Drops,Ophthalmology
Ketotifen Eye Drops,Ophthalmology
Ketotifen Ophthalmic Solution,Ophthalmology
Ketotifen Eye Ointment,Ophthalmology
Ketotifen Ophthalmic Gel,Ophthalmology
Ketotifen Ophthalmic Suspension,Ophthalmology
Ketotifen Intravitreal Injection,Ophthalmology
Ketotifen 0.005% Eye Drops,Ophthalmology
Ketotifen 0.004% Eye Drops,Ophthalmology
Ketotifen 0.03% Eye Drops,Ophthalmology
Ketotifen 0.01% Eye Drops,Ophthalmology
Ketotifen 0.1% Eye Drops,Ophthalmology
Ketotifen 0.15% Eye Drops,Ophthalmology
Ketotifen 0.2% Eye Drops,Ophthalmology
Ketotifen 0.25% Eye Drops,Ophthalmology
Ketotifen 0.5% Eye Drops,Ophthalmology
Ketotifen 1% Eye Drops,Ophthalmology
Ketotifen 2% Eye Drops,Ophthalmology
Ketotifen 5% Eye Drops,Ophthalmology
Azelastine Eye Drops,Ophthalmology
Azelastine Ophthalmic Solution,Ophthalmology
Azelastine Eye Ointment,Ophthalmology
Azelastine Ophthalmic Gel,Ophthalmology
Azelastine Ophthalmic Suspension,Ophthalmology
Azelastine Intravitreal Injection,Ophthalmology
Azelastine 0.005% Eye Drops,Ophthalmology
Azelastine 0.004% Eye Drops,Ophthalmology
Azelastine 0.03% Eye Drops,Ophthalmology
Azelastine 0.01% Eye Drops,Ophthalmology
Azelastine 0.1% Eye Drops,Ophthalmology
Azelastine 0.15% Eye Drops,Ophthalmology
Azelastine 0.2% Eye Drops,Ophthalmology
Azelastine 0.25% Eye Drops,Ophthalmology
Azelastine 0.5% Eye Drops,Ophthalmology
Azelastine 1% Eye Drops,Ophthalmology
Azelastine 2% Eye Drops,Ophthalmology
Azelastine 5% Eye Drops,Ophthalmology
Epinastine Eye Drops,Ophthalmology
Epinastine Ophthalmic Solution,Ophthalmology
Epinastine Eye Ointment,Ophthalmology
Epinastine Ophthalmic Gel,Ophthalmology
Epinastine Ophthalmic Suspension,Ophthalmology
Epinastine Intravitreal Injection,Ophthalmology
Epinastine 0.005% Eye Drops,Ophthalmology
Epinastine 0.004% Eye Drops,Ophthalmology
Epinastine 0.03% Eye Drops,Ophthalmology
Epinastine 0.01% Eye Drops,Ophthalmology
Epinastine 0.1% Eye Drops,Ophthalmology
Epinastine 0.15% Eye Drops,Ophthalmology
Epinastine 0.2% Eye Drops,Ophthalmology
Epinastine 0.25% Eye Drops,Ophthalmology
Epinastine 0.5% Eye Drops,Ophthalmology
Epinastine 1% Eye Drops,Ophthalmology
Epinastine 2% Eye Drops,Ophthalmology
Epinastine 5% Eye Drops,Ophthalmology
Bepotastine Eye Drops,Ophthalmology
Bepotastine Ophthalmic Solution,Ophthalmology
Bepotastine Eye Ointment,Ophthalmology
Bepotastine Ophthalmic Gel,Ophthalmology
Bepotastine Ophthalmic Suspension,Ophthalmology
Bepotastine Intravitreal Injection,Ophthalmology
Bepotastine 0.005% Eye Drops,Ophthalmology
Bepotastine 0.004% Eye Drops,Ophthalmology
Bepotastine 0.03% Eye Drops,Ophthalmology
Bepotastine 0.01% Eye Drops,Ophthalmology
Bepotastine 0.1% Eye Drops,Ophthalmology
Bepotastine 0.15% Eye Drops,Ophthalmology
Bepotastine 0.2% Eye Drops,Ophthalmology
Bepotastine 0.25% Eye Drops,Ophthalmology
Bepotastine 0.5% Eye Drops,Ophthalmology
Bepotastine 1% Eye Drops,Ophthalmology
Bepotastine 2% Eye Drops,Ophthalmology
Bepotastine 5% Eye Drops,Ophthalmology
Alcaftadine Eye Drops,Ophthalmology
Alcaftadine Ophthalmic Solution,Ophthalmology
Alcaftadine Eye Ointment,Ophthalmology
Alcaftadine Ophthalmic Gel,Ophthalmology
Alcaftadine Ophthalmic Suspension,Ophthalmology
Alcaftadine Intravitreal Injection,Ophthalmology
Alcaftadine 0.005% Eye Drops,Ophthalmology
Alcaftadine 0.004% Eye Drops,Ophthalmology
Alcaftadine 0.03% Eye Drops,Ophthalmology
Alcaftadine 0.01% Eye Drops,Ophthalmology
Alcaftadine 0.1% Eye Drops,Ophthalmology
Alcaftadine 0.15% Eye Drops,Ophthalmology
Alcaftadine 0.2% Eye Drops,Ophthalmology
Alcaftadine 0.25% Eye Drops,Ophthalmology
Alcaftadine 0.5% Eye Drops,Ophthalmology
Alcaftadine 1% Eye Drops,Ophthalmology
Alcaftadine 2% Eye Drops,Ophthalmology
Alcaftadine 5% Eye Drops,Ophthalmology
Emedastine Eye Drops,Ophthalmology
Emedastine Ophthalmic Solution,Ophthalmology
Emedastine Eye Ointment,Ophthalmology
Emedastine Ophthalmic Gel,Ophthalmology
Emedastine Ophthalmic Suspension,Ophthalmology
Emedastine Intravitreal Injection,Ophthalmology
Emedastine 0.005% Eye Drops,Ophthalmology
Emedastine 0.004% Eye Drops,Ophthalmology
Emedastine 0.03% Eye Drops,Ophthalmology
Emedastine 0.01% Eye Drops,Ophthalmology
Emedastine 0.1% Eye Drops,Ophthalmology
Emedastine 0.15% Eye Drops,Ophthalmology
Emedastine 0.2% Eye Drops,Ophthalmology
Emedastine 0.25% Eye Drops,Ophthalmology
Emedastine 0.5% Eye Drops,Ophthalmology
Emedastine 1% Eye Drops,Ophthalmology
Emedastine 2% Eye Drops,Ophthalmology
Emedastine 5% Eye Drops,Ophthalmology
Nedocromil Eye Drops,Ophthalmology
Nedocromil Ophthalmic Solution,Ophthalmology
Nedocromil Eye Ointment,Ophthalmology
Nedocromil Ophthalmic Gel,Ophthalmology
Nedocromil Ophthalmic Suspension,Ophthalmology
Nedocromil Intravitreal Injection,Ophthalmology
Nedocromil 0.005% Eye Drops,Ophthalmology
Nedocromil 0.004% Eye Drops,Ophthalmology
Nedocromil 0.03% Eye Drops,Ophthalmology
Nedocromil 0.01% Eye Drops,Ophthalmology
Nedocromil 0.1% Eye Drops,Ophthalmology
Nedocromil 0.15% Eye Drops,Ophthalmology
Nedocromil 0.2% Eye Drops,Ophthalmology
Nedocromil 0.25% Eye Drops,Ophthalmology
Nedocromil 0.5% Eye Drops,Ophthalmology
Nedocromil 1% Eye Drops,Ophthalmology
Nedocromil 2% Eye Drops,Ophthalmology
Nedocromil 5% Eye Drops,Ophthalmology
Sodium Cromoglicate Eye Drops,Ophthalmology
Sodium Cromoglicate Ophthalmic Solution,Ophthalmology
Sodium Cromoglicate Eye Ointment,Ophthalmology
Sodium Cromoglicate Ophthalmic Gel,Ophthalmology
Sodium Cromoglicate Ophthalmic Suspension,Ophthalmology
Sodium Cromoglicate Intravitreal Injection,Ophthalmology
